section,dataset,centrality,elbow_k,elbow_score,alpha,xmin,r_vs_exp,p_value,verdict,k,seed,val_auc,test_auc,mean_val_auc,std_val_auc,mean_test_auc,std_test_auc,optimal_k,auc_at_elbow,auc_at_optimal,auc_gap,match
elbow,Cora,pagerank,283,0.0005537648381644106,,,,,,,,,,,,,,,,,,
elbow,Cora,betweenness,280,0.0033992086409880455,,,,,,,,,,,,,,,,,,
elbow,Cora,closeness,1,0.22276881556604902,,,,,,,,,,,,,,,,,,
elbow,Cora,eigenvector,381,0.00450054960447799,,,,,,,,,,,,,,,,,,
elbow,Citeseer,pagerank,376,0.00045216057700948415,,,,,,,,,,,,,,,,,,
elbow,Citeseer,betweenness,363,0.0020123177676512447,,,,,,,,,,,,,,,,,,
elbow,Citeseer,closeness,1,0.10394351249990509,,,,,,,,,,,,,,,,,,
elbow,Citeseer,eigenvector,363,0.0017459115257228484,,,,,,,,,,,,,,,,,,
elbow,Pubmed,pagerank,2685,9.492971967794362e-05,,,,,,,,,,,,,,,,,,
elbow,Pubmed,betweenness,2083,0.0006203417185868873,,,,,,,,,,,,,,,,,,
elbow,Pubmed,closeness,1909,0.18486291865131455,,,,,,,,,,,,,,,,,,
elbow,Pubmed,eigenvector,2064,0.0017015280498457496,,,,,,,,,,,,,,,,,,
powerlaw,Cora,pagerank,,,2.975872279285868,0.0012846944866967427,4.951589005845951,0.1564798170557444,exponential △,,,,,,,,,,,,,
powerlaw,Cora,betweenness,,,2.2727550031296686,0.0035333307382555226,71.74664925710417,0.004043621082094951,power-law ✓,,,,,,,,,,,,,
powerlaw,Cora,closeness,,,2.9911056448151534,0.08997278443482332,-514.7552219520594,0.0,exponential △,,,,,,,,,,,,,
powerlaw,Cora,eigenvector,,,1.356581882527288,8.709351341801587e-05,1158.5160518191658,5.621751087429946e-43,power-law ✓,,,,,,,,,,,,,
powerlaw,Citeseer,pagerank,,,2.7650511852273434,0.00018147779974270282,-222.2151804121881,1.1026047216811925e-11,exponential △,,,,,,,,,,,,,
powerlaw,Citeseer,betweenness,,,2.6682497470912336,0.008628789789543605,5.193925805586873,0.1591855303683789,exponential △,,,,,,,,,,,,,
powerlaw,Citeseer,closeness,,,2.9947474749612466,0.04234820227575417,-422.4142521087915,0.0,exponential △,,,,,,,,,,,,,
powerlaw,Citeseer,eigenvector,,,1.1548897545523618,5.6056086808550166e-08,5070.6790211646485,2.016558691065142e-215,power-law ✓,,,,,,,,,,,,,
powerlaw,Pubmed,pagerank,,,2.194220052487959,1.5119587469112838e-05,4627.9103181419205,4.1785027174752907e-259,power-law ✓,,,,,,,,,,,,,
powerlaw,Pubmed,betweenness,,,2.5402751979556166,0.0014550471983468317,200.60504294088247,0.00172016744095724,power-law ✓,,,,,,,,,,,,,
powerlaw,Pubmed,closeness,,,2.9978924231065562,0.09652829117115706,-4344.017305896788,0.0,exponential △,,,,,,,,,,,,,
powerlaw,Pubmed,eigenvector,,,1.7423564952915656,0.0017319188606899185,380.1704561939154,1.3090039710443804e-18,power-law ✓,,,,,,,,,,,,,
ksweep_run,Cora,pagerank,,,,,,,,2,0,0.8352,0.8627,,,,,,,,,
ksweep_run,Cora,pagerank,,,,,,,,2,1,0.8711,0.8366,,,,,,,,,
ksweep_run,Cora,pagerank,,,,,,,,2,2,0.8421,0.8407,,,,,,,,,
ksweep_run,Cora,pagerank,,,,,,,,4,0,0.8835,0.8946,,,,,,,,,
ksweep_run,Cora,pagerank,,,,,,,,4,1,0.9,0.8606,,,,,,,,,
ksweep_run,Cora,pagerank,,,,,,,,4,2,0.8741,0.871,,,,,,,,,
ksweep_run,Cora,pagerank,,,,,,,,6,0,0.8919,0.9044,,,,,,,,,
ksweep_run,Cora,pagerank,,,,,,,,6,1,0.9331,0.8947,,,,,,,,,
ksweep_run,Cora,pagerank,,,,,,,,6,2,0.893,0.8946,,,,,,,,,
ksweep_run,Cora,pagerank,,,,,,,,8,0,0.8984,0.912,,,,,,,,,
ksweep_run,Cora,pagerank,,,,,,,,8,1,0.9426,0.9016,,,,,,,,,
ksweep_run,Cora,pagerank,,,,,,,,8,2,0.9018,0.915,,,,,,,,,
ksweep_run,Cora,pagerank,,,,,,,,10,0,0.9011,0.9256,,,,,,,,,
ksweep_run,Cora,pagerank,,,,,,,,10,1,0.9507,0.9154,,,,,,,,,
ksweep_run,Cora,pagerank,,,,,,,,10,2,0.9078,0.9235,,,,,,,,,
ksweep_run,Cora,pagerank,,,,,,,,12,0,0.9117,0.9363,,,,,,,,,
ksweep_run,Cora,pagerank,,,,,,,,12,1,0.9547,0.9122,,,,,,,,,
ksweep_run,Cora,pagerank,,,,,,,,12,2,0.9108,0.9287,,,,,,,,,
ksweep_run,Cora,pagerank,,,,,,,,15,0,0.9206,0.9404,,,,,,,,,
ksweep_run,Cora,pagerank,,,,,,,,15,1,0.9567,0.9197,,,,,,,,,
ksweep_run,Cora,pagerank,,,,,,,,15,2,0.9231,0.938,,,,,,,,,
ksweep_run,Cora,pagerank,,,,,,,,20,0,0.9257,0.9463,,,,,,,,,
ksweep_run,Cora,pagerank,,,,,,,,20,1,0.9578,0.9299,,,,,,,,,
ksweep_run,Cora,pagerank,,,,,,,,20,2,0.9293,0.9386,,,,,,,,,
ksweep_run,Cora,pagerank,,,,,,,,25,0,0.9275,0.9557,,,,,,,,,
ksweep_run,Cora,pagerank,,,,,,,,25,1,0.9594,0.9375,,,,,,,,,
ksweep_run,Cora,pagerank,,,,,,,,25,2,0.9395,0.9458,,,,,,,,,
ksweep_run,Cora,pagerank,,,,,,,,30,0,0.9306,0.9607,,,,,,,,,
ksweep_run,Cora,pagerank,,,,,,,,30,1,0.9627,0.9442,,,,,,,,,
ksweep_run,Cora,pagerank,,,,,,,,30,2,0.9438,0.9526,,,,,,,,,
ksweep_run,Cora,pagerank,,,,,,,,283,0,0.955,0.9761,,,,,,,,,
ksweep_run,Cora,pagerank,,,,,,,,283,1,0.977,0.9677,,,,,,,,,
ksweep_run,Cora,pagerank,,,,,,,,283,2,0.9726,0.9738,,,,,,,,,
ksweep_run,Cora,betweenness,,,,,,,,2,0,0.8358,0.8638,,,,,,,,,
ksweep_run,Cora,betweenness,,,,,,,,2,1,0.8707,0.8315,,,,,,,,,
ksweep_run,Cora,betweenness,,,,,,,,2,2,0.8423,0.8407,,,,,,,,,
ksweep_run,Cora,betweenness,,,,,,,,4,0,0.8704,0.8932,,,,,,,,,
ksweep_run,Cora,betweenness,,,,,,,,4,1,0.9081,0.8735,,,,,,,,,
ksweep_run,Cora,betweenness,,,,,,,,4,2,0.8632,0.8656,,,,,,,,,
ksweep_run,Cora,betweenness,,,,,,,,6,0,0.893,0.9061,,,,,,,,,
ksweep_run,Cora,betweenness,,,,,,,,6,1,0.9294,0.8948,,,,,,,,,
ksweep_run,Cora,betweenness,,,,,,,,6,2,0.8981,0.9007,,,,,,,,,
ksweep_run,Cora,betweenness,,,,,,,,8,0,0.9055,0.9174,,,,,,,,,
ksweep_run,Cora,betweenness,,,,,,,,8,1,0.9419,0.9012,,,,,,,,,
ksweep_run,Cora,betweenness,,,,,,,,8,2,0.9031,0.9169,,,,,,,,,
ksweep_run,Cora,betweenness,,,,,,,,10,0,0.9149,0.9189,,,,,,,,,
ksweep_run,Cora,betweenness,,,,,,,,10,1,0.9509,0.9193,,,,,,,,,
ksweep_run,Cora,betweenness,,,,,,,,10,2,0.9124,0.9178,,,,,,,,,
ksweep_run,Cora,betweenness,,,,,,,,12,0,0.9229,0.9351,,,,,,,,,
ksweep_run,Cora,betweenness,,,,,,,,12,1,0.9563,0.9212,,,,,,,,,
ksweep_run,Cora,betweenness,,,,,,,,12,2,0.916,0.9232,,,,,,,,,
ksweep_run,Cora,betweenness,,,,,,,,15,0,0.9255,0.9404,,,,,,,,,
ksweep_run,Cora,betweenness,,,,,,,,15,1,0.9626,0.9354,,,,,,,,,
ksweep_run,Cora,betweenness,,,,,,,,15,2,0.9281,0.9314,,,,,,,,,
ksweep_run,Cora,betweenness,,,,,,,,20,0,0.9323,0.9481,,,,,,,,,
ksweep_run,Cora,betweenness,,,,,,,,20,1,0.9654,0.9395,,,,,,,,,
ksweep_run,Cora,betweenness,,,,,,,,20,2,0.9451,0.9427,,,,,,,,,
ksweep_run,Cora,betweenness,,,,,,,,25,0,0.9341,0.9449,,,,,,,,,
ksweep_run,Cora,betweenness,,,,,,,,25,1,0.968,0.9396,,,,,,,,,
ksweep_run,Cora,betweenness,,,,,,,,25,2,0.9478,0.9431,,,,,,,,,
ksweep_run,Cora,betweenness,,,,,,,,30,0,0.9379,0.9545,,,,,,,,,
ksweep_run,Cora,betweenness,,,,,,,,30,1,0.9701,0.9415,,,,,,,,,
ksweep_run,Cora,betweenness,,,,,,,,30,2,0.9462,0.9476,,,,,,,,,
ksweep_run,Cora,betweenness,,,,,,,,280,0,0.9543,0.9719,,,,,,,,,
ksweep_run,Cora,betweenness,,,,,,,,280,1,0.9735,0.966,,,,,,,,,
ksweep_run,Cora,betweenness,,,,,,,,280,2,0.9681,0.9718,,,,,,,,,
ksweep_run,Cora,closeness,,,,,,,,1,0,0.6921,0.6963,,,,,,,,,
ksweep_run,Cora,closeness,,,,,,,,1,1,0.6955,0.6489,,,,,,,,,
ksweep_run,Cora,closeness,,,,,,,,1,2,0.7043,0.6607,,,,,,,,,
ksweep_run,Cora,closeness,,,,,,,,2,0,0.6921,0.6927,,,,,,,,,
ksweep_run,Cora,closeness,,,,,,,,2,1,0.6973,0.6503,,,,,,,,,
ksweep_run,Cora,closeness,,,,,,,,2,2,0.706,0.6589,,,,,,,,,
ksweep_run,Cora,closeness,,,,,,,,4,0,0.6887,0.699,,,,,,,,,
ksweep_run,Cora,closeness,,,,,,,,4,1,0.6976,0.6543,,,,,,,,,
ksweep_run,Cora,closeness,,,,,,,,4,2,0.7096,0.6617,,,,,,,,,
ksweep_run,Cora,closeness,,,,,,,,6,0,0.6886,0.7004,,,,,,,,,
ksweep_run,Cora,closeness,,,,,,,,6,1,0.6977,0.6546,,,,,,,,,
ksweep_run,Cora,closeness,,,,,,,,6,2,0.7113,0.6649,,,,,,,,,
ksweep_run,Cora,closeness,,,,,,,,8,0,0.6967,0.705,,,,,,,,,
ksweep_run,Cora,closeness,,,,,,,,8,1,0.6978,0.6546,,,,,,,,,
ksweep_run,Cora,closeness,,,,,,,,8,2,0.7121,0.6679,,,,,,,,,
ksweep_run,Cora,closeness,,,,,,,,10,0,0.6936,0.7044,,,,,,,,,
ksweep_run,Cora,closeness,,,,,,,,10,1,0.6972,0.6535,,,,,,,,,
ksweep_run,Cora,closeness,,,,,,,,10,2,0.7122,0.6675,,,,,,,,,
ksweep_run,Cora,closeness,,,,,,,,12,0,0.7024,0.7064,,,,,,,,,
ksweep_run,Cora,closeness,,,,,,,,12,1,0.7085,0.6613,,,,,,,,,
ksweep_run,Cora,closeness,,,,,,,,12,2,0.7097,0.6645,,,,,,,,,
ksweep_run,Cora,closeness,,,,,,,,15,0,0.7009,0.7048,,,,,,,,,
ksweep_run,Cora,closeness,,,,,,,,15,1,0.7049,0.6606,,,,,,,,,
ksweep_run,Cora,closeness,,,,,,,,15,2,0.7121,0.6681,,,,,,,,,
ksweep_run,Cora,closeness,,,,,,,,20,0,0.7,0.7068,,,,,,,,,
ksweep_run,Cora,closeness,,,,,,,,20,1,0.7159,0.6663,,,,,,,,,
ksweep_run,Cora,closeness,,,,,,,,20,2,0.715,0.6702,,,,,,,,,
ksweep_run,Cora,closeness,,,,,,,,25,0,0.7068,0.7117,,,,,,,,,
ksweep_run,Cora,closeness,,,,,,,,25,1,0.718,0.6512,,,,,,,,,
ksweep_run,Cora,closeness,,,,,,,,25,2,0.7135,0.672,,,,,,,,,
ksweep_run,Cora,closeness,,,,,,,,30,0,0.7131,0.72,,,,,,,,,
ksweep_run,Cora,closeness,,,,,,,,30,1,0.7213,0.6788,,,,,,,,,
ksweep_run,Cora,closeness,,,,,,,,30,2,0.7201,0.6873,,,,,,,,,
ksweep_run,Cora,eigenvector,,,,,,,,2,0,0.8051,0.8143,,,,,,,,,
ksweep_run,Cora,eigenvector,,,,,,,,2,1,0.8252,0.7714,,,,,,,,,
ksweep_run,Cora,eigenvector,,,,,,,,2,2,0.8308,0.7988,,,,,,,,,
ksweep_run,Cora,eigenvector,,,,,,,,4,0,0.8277,0.8238,,,,,,,,,
ksweep_run,Cora,eigenvector,,,,,,,,4,1,0.8542,0.8031,,,,,,,,,
ksweep_run,Cora,eigenvector,,,,,,,,4,2,0.8523,0.8251,,,,,,,,,
ksweep_run,Cora,eigenvector,,,,,,,,6,0,0.8312,0.8255,,,,,,,,,
ksweep_run,Cora,eigenvector,,,,,,,,6,1,0.8525,0.8054,,,,,,,,,
ksweep_run,Cora,eigenvector,,,,,,,,6,2,0.8531,0.8263,,,,,,,,,
ksweep_run,Cora,eigenvector,,,,,,,,8,0,0.8344,0.8351,,,,,,,,,
ksweep_run,Cora,eigenvector,,,,,,,,8,1,0.8572,0.8103,,,,,,,,,
ksweep_run,Cora,eigenvector,,,,,,,,8,2,0.8551,0.8312,,,,,,,,,
ksweep_run,Cora,eigenvector,,,,,,,,10,0,0.8275,0.8309,,,,,,,,,
ksweep_run,Cora,eigenvector,,,,,,,,10,1,0.8553,0.8085,,,,,,,,,
ksweep_run,Cora,eigenvector,,,,,,,,10,2,0.8508,0.8307,,,,,,,,,
ksweep_run,Cora,eigenvector,,,,,,,,12,0,0.8323,0.8315,,,,,,,,,
ksweep_run,Cora,eigenvector,,,,,,,,12,1,0.8637,0.8136,,,,,,,,,
ksweep_run,Cora,eigenvector,,,,,,,,12,2,0.8576,0.8289,,,,,,,,,
ksweep_run,Cora,eigenvector,,,,,,,,15,0,0.8316,0.8323,,,,,,,,,
ksweep_run,Cora,eigenvector,,,,,,,,15,1,0.8635,0.8136,,,,,,,,,
ksweep_run,Cora,eigenvector,,,,,,,,15,2,0.8559,0.8359,,,,,,,,,
ksweep_run,Cora,eigenvector,,,,,,,,20,0,0.8339,0.8353,,,,,,,,,
ksweep_run,Cora,eigenvector,,,,,,,,20,1,0.8616,0.8171,,,,,,,,,
ksweep_run,Cora,eigenvector,,,,,,,,20,2,0.8573,0.833,,,,,,,,,
ksweep_run,Cora,eigenvector,,,,,,,,25,0,0.8364,0.8377,,,,,,,,,
ksweep_run,Cora,eigenvector,,,,,,,,25,1,0.6582,0.6232,,,,,,,,,
ksweep_run,Cora,eigenvector,,,,,,,,25,2,0.861,0.8383,,,,,,,,,
ksweep_run,Cora,eigenvector,,,,,,,,30,0,0.8272,0.8319,,,,,,,,,
ksweep_run,Cora,eigenvector,,,,,,,,30,1,0.8587,0.8109,,,,,,,,,
ksweep_run,Cora,eigenvector,,,,,,,,30,2,0.8677,0.8388,,,,,,,,,
ksweep_run,Cora,eigenvector,,,,,,,,381,0,0.8169,0.8172,,,,,,,,,
ksweep_run,Cora,eigenvector,,,,,,,,381,1,0.9583,0.9316,,,,,,,,,
ksweep_run,Cora,eigenvector,,,,,,,,381,2,0.9444,0.9475,,,,,,,,,
ksweep_run,Citeseer,pagerank,,,,,,,,2,0,0.7955,0.8138,,,,,,,,,
ksweep_run,Citeseer,pagerank,,,,,,,,2,1,0.8096,0.8365,,,,,,,,,
ksweep_run,Citeseer,pagerank,,,,,,,,2,2,0.7839,0.7959,,,,,,,,,
ksweep_run,Citeseer,pagerank,,,,,,,,4,0,0.8087,0.826,,,,,,,,,
ksweep_run,Citeseer,pagerank,,,,,,,,4,1,0.8235,0.8425,,,,,,,,,
ksweep_run,Citeseer,pagerank,,,,,,,,4,2,0.7943,0.8064,,,,,,,,,
ksweep_run,Citeseer,pagerank,,,,,,,,6,0,0.8272,0.8391,,,,,,,,,
ksweep_run,Citeseer,pagerank,,,,,,,,6,1,0.8533,0.8567,,,,,,,,,
ksweep_run,Citeseer,pagerank,,,,,,,,6,2,0.8235,0.8251,,,,,,,,,
ksweep_run,Citeseer,pagerank,,,,,,,,8,0,0.8251,0.8415,,,,,,,,,
ksweep_run,Citeseer,pagerank,,,,,,,,8,1,0.8514,0.8594,,,,,,,,,
ksweep_run,Citeseer,pagerank,,,,,,,,8,2,0.8329,0.8259,,,,,,,,,
ksweep_run,Citeseer,pagerank,,,,,,,,10,0,0.8311,0.8517,,,,,,,,,
ksweep_run,Citeseer,pagerank,,,,,,,,10,1,0.8533,0.8633,,,,,,,,,
ksweep_run,Citeseer,pagerank,,,,,,,,10,2,0.8464,0.8368,,,,,,,,,
ksweep_run,Citeseer,pagerank,,,,,,,,12,0,0.8501,0.8689,,,,,,,,,
ksweep_run,Citeseer,pagerank,,,,,,,,12,1,0.8655,0.8744,,,,,,,,,
ksweep_run,Citeseer,pagerank,,,,,,,,12,2,0.8666,0.8575,,,,,,,,,
ksweep_run,Citeseer,pagerank,,,,,,,,15,0,0.8624,0.8747,,,,,,,,,
ksweep_run,Citeseer,pagerank,,,,,,,,15,1,0.8708,0.8809,,,,,,,,,
ksweep_run,Citeseer,pagerank,,,,,,,,15,2,0.8764,0.867,,,,,,,,,
ksweep_run,Citeseer,pagerank,,,,,,,,20,0,0.8744,0.8853,,,,,,,,,
ksweep_run,Citeseer,pagerank,,,,,,,,20,1,0.8915,0.8917,,,,,,,,,
ksweep_run,Citeseer,pagerank,,,,,,,,20,2,0.8902,0.8741,,,,,,,,,
ksweep_run,Citeseer,pagerank,,,,,,,,25,0,0.8864,0.8929,,,,,,,,,
ksweep_run,Citeseer,pagerank,,,,,,,,25,1,0.8991,0.895,,,,,,,,,
ksweep_run,Citeseer,pagerank,,,,,,,,25,2,0.895,0.8862,,,,,,,,,
ksweep_run,Citeseer,pagerank,,,,,,,,30,0,0.8903,0.8947,,,,,,,,,
ksweep_run,Citeseer,pagerank,,,,,,,,30,1,0.9045,0.9025,,,,,,,,,
ksweep_run,Citeseer,pagerank,,,,,,,,30,2,0.8993,0.8895,,,,,,,,,
ksweep_run,Citeseer,pagerank,,,,,,,,376,0,0.9681,0.9582,,,,,,,,,
ksweep_run,Citeseer,pagerank,,,,,,,,376,1,0.9688,0.9553,,,,,,,,,
ksweep_run,Citeseer,pagerank,,,,,,,,376,2,0.9606,0.959,,,,,,,,,
ksweep_run,Citeseer,betweenness,,,,,,,,2,0,0.7058,0.711,,,,,,,,,
ksweep_run,Citeseer,betweenness,,,,,,,,2,1,0.7188,0.7447,,,,,,,,,
ksweep_run,Citeseer,betweenness,,,,,,,,2,2,0.6888,0.6995,,,,,,,,,
ksweep_run,Citeseer,betweenness,,,,,,,,4,0,0.7672,0.7893,,,,,,,,,
ksweep_run,Citeseer,betweenness,,,,,,,,4,1,0.7801,0.8209,,,,,,,,,
ksweep_run,Citeseer,betweenness,,,,,,,,4,2,0.7694,0.7839,,,,,,,,,
ksweep_run,Citeseer,betweenness,,,,,,,,6,0,0.8023,0.8312,,,,,,,,,
ksweep_run,Citeseer,betweenness,,,,,,,,6,1,0.8382,0.847,,,,,,,,,
ksweep_run,Citeseer,betweenness,,,,,,,,6,2,0.8083,0.8111,,,,,,,,,
ksweep_run,Citeseer,betweenness,,,,,,,,8,0,0.8192,0.8402,,,,,,,,,
ksweep_run,Citeseer,betweenness,,,,,,,,8,1,0.8524,0.8501,,,,,,,,,
ksweep_run,Citeseer,betweenness,,,,,,,,8,2,0.8254,0.8284,,,,,,,,,
ksweep_run,Citeseer,betweenness,,,,,,,,10,0,0.8347,0.8469,,,,,,,,,
ksweep_run,Citeseer,betweenness,,,,,,,,10,1,0.8675,0.8611,,,,,,,,,
ksweep_run,Citeseer,betweenness,,,,,,,,10,2,0.8355,0.8399,,,,,,,,,
ksweep_run,Citeseer,betweenness,,,,,,,,12,0,0.8399,0.8463,,,,,,,,,
ksweep_run,Citeseer,betweenness,,,,,,,,12,1,0.8685,0.8661,,,,,,,,,
ksweep_run,Citeseer,betweenness,,,,,,,,12,2,0.8492,0.8385,,,,,,,,,
ksweep_run,Citeseer,betweenness,,,,,,,,15,0,0.8505,0.8574,,,,,,,,,
ksweep_run,Citeseer,betweenness,,,,,,,,15,1,0.8779,0.8806,,,,,,,,,
ksweep_run,Citeseer,betweenness,,,,,,,,15,2,0.8508,0.8453,,,,,,,,,
ksweep_run,Citeseer,betweenness,,,,,,,,20,0,0.8585,0.8662,,,,,,,,,
ksweep_run,Citeseer,betweenness,,,,,,,,20,1,0.8863,0.8785,,,,,,,,,
ksweep_run,Citeseer,betweenness,,,,,,,,20,2,0.8617,0.8583,,,,,,,,,
ksweep_run,Citeseer,betweenness,,,,,,,,25,0,0.877,0.8758,,,,,,,,,
ksweep_run,Citeseer,betweenness,,,,,,,,25,1,0.8949,0.8934,,,,,,,,,
ksweep_run,Citeseer,betweenness,,,,,,,,25,2,0.878,0.8726,,,,,,,,,
ksweep_run,Citeseer,betweenness,,,,,,,,30,0,0.8831,0.8841,,,,,,,,,
ksweep_run,Citeseer,betweenness,,,,,,,,30,1,0.9065,0.8932,,,,,,,,,
ksweep_run,Citeseer,betweenness,,,,,,,,30,2,0.8813,0.8755,,,,,,,,,
ksweep_run,Citeseer,betweenness,,,,,,,,363,0,0.9463,0.9427,,,,,,,,,
ksweep_run,Citeseer,betweenness,,,,,,,,363,1,0.9535,0.9381,,,,,,,,,
ksweep_run,Citeseer,betweenness,,,,,,,,363,2,0.948,0.94,,,,,,,,,
ksweep_run,Citeseer,closeness,,,,,,,,1,0,0.6457,0.6324,,,,,,,,,
ksweep_run,Citeseer,closeness,,,,,,,,1,1,0.6038,0.6143,,,,,,,,,
ksweep_run,Citeseer,closeness,,,,,,,,1,2,0.5975,0.6322,,,,,,,,,
ksweep_run,Citeseer,closeness,,,,,,,,2,0,0.6472,0.6239,,,,,,,,,
ksweep_run,Citeseer,closeness,,,,,,,,2,1,0.6583,0.652,,,,,,,,,
ksweep_run,Citeseer,closeness,,,,,,,,2,2,0.6023,0.6381,,,,,,,,,
ksweep_run,Citeseer,closeness,,,,,,,,4,0,0.6488,0.6265,,,,,,,,,
ksweep_run,Citeseer,closeness,,,,,,,,4,1,0.6597,0.653,,,,,,,,,
ksweep_run,Citeseer,closeness,,,,,,,,4,2,0.6039,0.6406,,,,,,,,,
ksweep_run,Citeseer,closeness,,,,,,,,6,0,0.6512,0.6223,,,,,,,,,
ksweep_run,Citeseer,closeness,,,,,,,,6,1,0.659,0.6522,,,,,,,,,
ksweep_run,Citeseer,closeness,,,,,,,,6,2,0.5979,0.6356,,,,,,,,,
ksweep_run,Citeseer,closeness,,,,,,,,8,0,0.6484,0.6168,,,,,,,,,
ksweep_run,Citeseer,closeness,,,,,,,,8,1,0.6612,0.6546,,,,,,,,,
ksweep_run,Citeseer,closeness,,,,,,,,8,2,0.6063,0.6336,,,,,,,,,
ksweep_run,Citeseer,closeness,,,,,,,,10,0,0.6534,0.6265,,,,,,,,,
ksweep_run,Citeseer,closeness,,,,,,,,10,1,0.6611,0.6527,,,,,,,,,
ksweep_run,Citeseer,closeness,,,,,,,,10,2,0.6069,0.6425,,,,,,,,,
ksweep_run,Citeseer,closeness,,,,,,,,12,0,0.6488,0.6295,,,,,,,,,
ksweep_run,Citeseer,closeness,,,,,,,,12,1,0.6661,0.6523,,,,,,,,,
ksweep_run,Citeseer,closeness,,,,,,,,12,2,0.6039,0.6354,,,,,,,,,
ksweep_run,Citeseer,closeness,,,,,,,,15,0,0.6534,0.6242,,,,,,,,,
ksweep_run,Citeseer,closeness,,,,,,,,15,1,0.6699,0.6595,,,,,,,,,
ksweep_run,Citeseer,closeness,,,,,,,,15,2,0.6081,0.6334,,,,,,,,,
ksweep_run,Citeseer,closeness,,,,,,,,20,0,0.6509,0.6324,,,,,,,,,
ksweep_run,Citeseer,closeness,,,,,,,,20,1,0.6701,0.6624,,,,,,,,,
ksweep_run,Citeseer,closeness,,,,,,,,20,2,0.6081,0.6379,,,,,,,,,
ksweep_run,Citeseer,closeness,,,,,,,,25,0,0.6604,0.6363,,,,,,,,,
ksweep_run,Citeseer,closeness,,,,,,,,25,1,0.6729,0.6688,,,,,,,,,
ksweep_run,Citeseer,closeness,,,,,,,,25,2,0.6158,0.6372,,,,,,,,,
ksweep_run,Citeseer,closeness,,,,,,,,30,0,0.6661,0.639,,,,,,,,,
ksweep_run,Citeseer,closeness,,,,,,,,30,1,0.6748,0.669,,,,,,,,,
ksweep_run,Citeseer,closeness,,,,,,,,30,2,0.6324,0.6467,,,,,,,,,
ksweep_run,Citeseer,eigenvector,,,,,,,,2,0,0.7614,0.7643,,,,,,,,,
ksweep_run,Citeseer,eigenvector,,,,,,,,2,1,0.7976,0.7919,,,,,,,,,
ksweep_run,Citeseer,eigenvector,,,,,,,,2,2,0.7603,0.7679,,,,,,,,,
ksweep_run,Citeseer,eigenvector,,,,,,,,4,0,0.7662,0.7738,,,,,,,,,
ksweep_run,Citeseer,eigenvector,,,,,,,,4,1,0.7972,0.7914,,,,,,,,,
ksweep_run,Citeseer,eigenvector,,,,,,,,4,2,0.7654,0.773,,,,,,,,,
ksweep_run,Citeseer,eigenvector,,,,,,,,6,0,0.7689,0.7745,,,,,,,,,
ksweep_run,Citeseer,eigenvector,,,,,,,,6,1,0.7971,0.791,,,,,,,,,
ksweep_run,Citeseer,eigenvector,,,,,,,,6,2,0.7733,0.7721,,,,,,,,,
ksweep_run,Citeseer,eigenvector,,,,,,,,8,0,0.7759,0.7798,,,,,,,,,
ksweep_run,Citeseer,eigenvector,,,,,,,,8,1,0.8058,0.7963,,,,,,,,,
ksweep_run,Citeseer,eigenvector,,,,,,,,8,2,0.7786,0.776,,,,,,,,,
ksweep_run,Citeseer,eigenvector,,,,,,,,10,0,0.7761,0.7748,,,,,,,,,
ksweep_run,Citeseer,eigenvector,,,,,,,,10,1,0.8043,0.7961,,,,,,,,,
ksweep_run,Citeseer,eigenvector,,,,,,,,10,2,0.7729,0.7809,,,,,,,,,
ksweep_run,Citeseer,eigenvector,,,,,,,,12,0,0.7757,0.778,,,,,,,,,
ksweep_run,Citeseer,eigenvector,,,,,,,,12,1,0.8069,0.7962,,,,,,,,,
ksweep_run,Citeseer,eigenvector,,,,,,,,12,2,0.7761,0.7799,,,,,,,,,
ksweep_run,Citeseer,eigenvector,,,,,,,,15,0,0.7761,0.7719,,,,,,,,,
ksweep_run,Citeseer,eigenvector,,,,,,,,15,1,0.8095,0.7965,,,,,,,,,
ksweep_run,Citeseer,eigenvector,,,,,,,,15,2,0.7773,0.7835,,,,,,,,,
ksweep_run,Citeseer,eigenvector,,,,,,,,20,0,0.7709,0.7796,,,,,,,,,
ksweep_run,Citeseer,eigenvector,,,,,,,,20,1,0.8173,0.7942,,,,,,,,,
ksweep_run,Citeseer,eigenvector,,,,,,,,20,2,0.7813,0.7851,,,,,,,,,
ksweep_run,Citeseer,eigenvector,,,,,,,,25,0,0.7805,0.794,,,,,,,,,
ksweep_run,Citeseer,eigenvector,,,,,,,,25,1,0.8164,0.8076,,,,,,,,,
ksweep_run,Citeseer,eigenvector,,,,,,,,25,2,0.7763,0.7896,,,,,,,,,
ksweep_run,Citeseer,eigenvector,,,,,,,,30,0,0.7842,0.7865,,,,,,,,,
ksweep_run,Citeseer,eigenvector,,,,,,,,30,1,0.82,0.8101,,,,,,,,,
ksweep_run,Citeseer,eigenvector,,,,,,,,30,2,0.774,0.7921,,,,,,,,,
ksweep_run,Citeseer,eigenvector,,,,,,,,363,0,0.8486,0.8451,,,,,,,,,
ksweep_run,Citeseer,eigenvector,,,,,,,,363,1,0.8862,0.8654,,,,,,,,,
ksweep_run,Citeseer,eigenvector,,,,,,,,363,2,0.8732,0.8693,,,,,,,,,
ksweep_run,Pubmed,pagerank,,,,,,,,2,0,0.9027,0.9123,,,,,,,,,
ksweep_run,Pubmed,pagerank,,,,,,,,2,1,0.9146,0.9161,,,,,,,,,
ksweep_run,Pubmed,pagerank,,,,,,,,2,2,0.9107,0.9046,,,,,,,,,
ksweep_run,Pubmed,pagerank,,,,,,,,4,0,0.9264,0.9323,,,,,,,,,
ksweep_run,Pubmed,pagerank,,,,,,,,4,1,0.9329,0.9359,,,,,,,,,
ksweep_run,Pubmed,pagerank,,,,,,,,4,2,0.9303,0.9227,,,,,,,,,
ksweep_run,Pubmed,pagerank,,,,,,,,6,0,0.9317,0.9355,,,,,,,,,
ksweep_run,Pubmed,pagerank,,,,,,,,6,1,0.9329,0.9394,,,,,,,,,
ksweep_run,Pubmed,pagerank,,,,,,,,6,2,0.9365,0.9301,,,,,,,,,
ksweep_run,Pubmed,pagerank,,,,,,,,8,0,0.9455,0.9468,,,,,,,,,
ksweep_run,Pubmed,pagerank,,,,,,,,8,1,0.9447,0.9503,,,,,,,,,
ksweep_run,Pubmed,pagerank,,,,,,,,8,2,0.9522,0.9474,,,,,,,,,
ksweep_run,Pubmed,pagerank,,,,,,,,10,0,0.9525,0.9539,,,,,,,,,
ksweep_run,Pubmed,pagerank,,,,,,,,10,1,0.9478,0.9537,,,,,,,,,
ksweep_run,Pubmed,pagerank,,,,,,,,10,2,0.9536,0.9487,,,,,,,,,
ksweep_run,Pubmed,pagerank,,,,,,,,12,0,0.9541,0.9547,,,,,,,,,
ksweep_run,Pubmed,pagerank,,,,,,,,12,1,0.9551,0.9592,,,,,,,,,
ksweep_run,Pubmed,pagerank,,,,,,,,12,2,0.953,0.95,,,,,,,,,
ksweep_run,Pubmed,pagerank,,,,,,,,15,0,0.9554,0.9552,,,,,,,,,
ksweep_run,Pubmed,pagerank,,,,,,,,15,1,0.9553,0.9601,,,,,,,,,
ksweep_run,Pubmed,pagerank,,,,,,,,15,2,0.9577,0.9547,,,,,,,,,
ksweep_run,Pubmed,pagerank,,,,,,,,20,0,0.9603,0.9597,,,,,,,,,
ksweep_run,Pubmed,pagerank,,,,,,,,20,1,0.9633,0.9673,,,,,,,,,
ksweep_run,Pubmed,pagerank,,,,,,,,20,2,0.9622,0.9608,,,,,,,,,
ksweep_run,Pubmed,pagerank,,,,,,,,25,0,0.9578,0.9568,,,,,,,,,
ksweep_run,Pubmed,pagerank,,,,,,,,25,1,0.9668,0.9703,,,,,,,,,
ksweep_run,Pubmed,pagerank,,,,,,,,25,2,0.9644,0.9613,,,,,,,,,
ksweep_run,Pubmed,pagerank,,,,,,,,30,0,0.9681,0.9671,,,,,,,,,
ksweep_run,Pubmed,pagerank,,,,,,,,30,1,0.9691,0.9722,,,,,,,,,
ksweep_run,Pubmed,pagerank,,,,,,,,30,2,0.9685,0.966,,,,,,,,,
ksweep_run,Pubmed,pagerank,,,,,,,,2685,0,0.9792,0.9754,,,,,,,,,
ksweep_run,Pubmed,pagerank,,,,,,,,2685,1,0.9815,0.9785,,,,,,,,,
ksweep_run,Pubmed,pagerank,,,,,,,,2685,2,0.9097,0.9045,,,,,,,,,
ksweep_run,Pubmed,betweenness,,,,,,,,2,0,0.8972,0.9075,,,,,,,,,
ksweep_run,Pubmed,betweenness,,,,,,,,2,1,0.9126,0.9142,,,,,,,,,
ksweep_run,Pubmed,betweenness,,,,,,,,2,2,0.9117,0.9057,,,,,,,,,
ksweep_run,Pubmed,betweenness,,,,,,,,4,0,0.9224,0.9303,,,,,,,,,
ksweep_run,Pubmed,betweenness,,,,,,,,4,1,0.932,0.9352,,,,,,,,,
ksweep_run,Pubmed,betweenness,,,,,,,,4,2,0.9278,0.9227,,,,,,,,,
ksweep_run,Pubmed,betweenness,,,,,,,,6,0,0.929,0.9336,,,,,,,,,
ksweep_run,Pubmed,betweenness,,,,,,,,6,1,0.9331,0.9326,,,,,,,,,
ksweep_run,Pubmed,betweenness,,,,,,,,6,2,0.9347,0.9283,,,,,,,,,
ksweep_run,Pubmed,betweenness,,,,,,,,8,0,0.9444,0.9467,,,,,,,,,
ksweep_run,Pubmed,betweenness,,,,,,,,8,1,0.9408,0.9444,,,,,,,,,
ksweep_run,Pubmed,betweenness,,,,,,,,8,2,0.9431,0.9408,,,,,,,,,
ksweep_run,Pubmed,betweenness,,,,,,,,10,0,0.951,0.9528,,,,,,,,,
ksweep_run,Pubmed,betweenness,,,,,,,,10,1,0.9528,0.9555,,,,,,,,,
ksweep_run,Pubmed,betweenness,,,,,,,,10,2,0.9455,0.9445,,,,,,,,,
ksweep_run,Pubmed,betweenness,,,,,,,,12,0,0.9532,0.9549,,,,,,,,,
ksweep_run,Pubmed,betweenness,,,,,,,,12,1,0.952,0.9543,,,,,,,,,
ksweep_run,Pubmed,betweenness,,,,,,,,12,2,0.9521,0.9503,,,,,,,,,
ksweep_run,Pubmed,betweenness,,,,,,,,15,0,0.9535,0.9546,,,,,,,,,
ksweep_run,Pubmed,betweenness,,,,,,,,15,1,0.9559,0.9596,,,,,,,,,
ksweep_run,Pubmed,betweenness,,,,,,,,15,2,0.9537,0.9525,,,,,,,,,
ksweep_run,Pubmed,betweenness,,,,,,,,20,0,0.9621,0.9637,,,,,,,,,
ksweep_run,Pubmed,betweenness,,,,,,,,20,1,0.9644,0.9671,,,,,,,,,
ksweep_run,Pubmed,betweenness,,,,,,,,20,2,0.9603,0.9605,,,,,,,,,
ksweep_run,Pubmed,betweenness,,,,,,,,25,0,0.9656,0.9645,,,,,,,,,
ksweep_run,Pubmed,betweenness,,,,,,,,25,1,0.9687,0.9705,,,,,,,,,
ksweep_run,Pubmed,betweenness,,,,,,,,25,2,0.966,0.9658,,,,,,,,,
ksweep_run,Pubmed,betweenness,,,,,,,,30,0,0.969,0.9662,,,,,,,,,
ksweep_run,Pubmed,betweenness,,,,,,,,30,1,0.9705,0.9725,,,,,,,,,
ksweep_run,Pubmed,betweenness,,,,,,,,30,2,0.9694,0.9682,,,,,,,,,
ksweep_run,Pubmed,betweenness,,,,,,,,2083,0,0.9788,0.9742,,,,,,,,,
ksweep_run,Pubmed,betweenness,,,,,,,,2083,1,0.979,0.9784,,,,,,,,,
ksweep_run,Pubmed,betweenness,,,,,,,,2083,2,0.9776,0.9757,,,,,,,,,
ksweep_run,Pubmed,closeness,,,,,,,,2,0,0.8787,0.8923,,,,,,,,,
ksweep_run,Pubmed,closeness,,,,,,,,2,1,0.8942,0.8974,,,,,,,,,
ksweep_run,Pubmed,closeness,,,,,,,,2,2,0.8941,0.8886,,,,,,,,,
ksweep_run,Pubmed,closeness,,,,,,,,4,0,0.8787,0.8924,,,,,,,,,
ksweep_run,Pubmed,closeness,,,,,,,,4,1,0.8944,0.8975,,,,,,,,,
ksweep_run,Pubmed,closeness,,,,,,,,4,2,0.8941,0.8884,,,,,,,,,
ksweep_run,Pubmed,closeness,,,,,,,,6,0,0.8787,0.8924,,,,,,,,,
ksweep_run,Pubmed,closeness,,,,,,,,6,1,0.8943,0.8974,,,,,,,,,
ksweep_run,Pubmed,closeness,,,,,,,,6,2,0.8943,0.8885,,,,,,,,,
ksweep_run,Pubmed,closeness,,,,,,,,8,0,0.8787,0.8922,,,,,,,,,
ksweep_run,Pubmed,closeness,,,,,,,,8,1,0.8944,0.8971,,,,,,,,,
ksweep_run,Pubmed,closeness,,,,,,,,8,2,0.894,0.8884,,,,,,,,,
ksweep_run,Pubmed,closeness,,,,,,,,10,0,0.8785,0.8921,,,,,,,,,
ksweep_run,Pubmed,closeness,,,,,,,,10,1,0.8944,0.8977,,,,,,,,,
ksweep_run,Pubmed,closeness,,,,,,,,10,2,0.8943,0.8884,,,,,,,,,
ksweep_run,Pubmed,closeness,,,,,,,,12,0,0.8786,0.8924,,,,,,,,,
ksweep_run,Pubmed,closeness,,,,,,,,12,1,0.8944,0.8965,,,,,,,,,
ksweep_run,Pubmed,closeness,,,,,,,,12,2,0.8944,0.8886,,,,,,,,,
ksweep_run,Pubmed,closeness,,,,,,,,15,0,0.8787,0.8922,,,,,,,,,
ksweep_run,Pubmed,closeness,,,,,,,,15,1,0.8945,0.8977,,,,,,,,,
ksweep_run,Pubmed,closeness,,,,,,,,15,2,0.8944,0.8885,,,,,,,,,
ksweep_run,Pubmed,closeness,,,,,,,,20,0,0.8788,0.8922,,,,,,,,,
ksweep_run,Pubmed,closeness,,,,,,,,20,1,0.8945,0.8974,,,,,,,,,
ksweep_run,Pubmed,closeness,,,,,,,,20,2,0.8943,0.8877,,,,,,,,,
ksweep_run,Pubmed,closeness,,,,,,,,25,0,0.9136,0.9167,,,,,,,,,
ksweep_run,Pubmed,closeness,,,,,,,,25,1,0.9264,0.9268,,,,,,,,,
ksweep_run,Pubmed,closeness,,,,,,,,25,2,0.9143,0.9136,,,,,,,,,
ksweep_run,Pubmed,closeness,,,,,,,,30,0,0.9243,0.927,,,,,,,,,
ksweep_run,Pubmed,closeness,,,,,,,,30,1,0.9332,0.9352,,,,,,,,,
ksweep_run,Pubmed,closeness,,,,,,,,30,2,0.9269,0.9253,,,,,,,,,
ksweep_run,Pubmed,closeness,,,,,,,,1909,0,0.9354,0.9381,,,,,,,,,
ksweep_run,Pubmed,closeness,,,,,,,,1909,1,0.975,0.9766,,,,,,,,,
ksweep_run,Pubmed,closeness,,,,,,,,1909,2,0.9754,0.9753,,,,,,,,,
ksweep_run,Pubmed,eigenvector,,,,,,,,2,0,0.9148,0.9205,,,,,,,,,
ksweep_run,Pubmed,eigenvector,,,,,,,,2,1,0.9272,0.9237,,,,,,,,,
ksweep_run,Pubmed,eigenvector,,,,,,,,2,2,0.9199,0.914,,,,,,,,,
ksweep_run,Pubmed,eigenvector,,,,,,,,4,0,0.9098,0.9177,,,,,,,,,
ksweep_run,Pubmed,eigenvector,,,,,,,,4,1,0.9251,0.9195,,,,,,,,,
ksweep_run,Pubmed,eigenvector,,,,,,,,4,2,0.9199,0.9134,,,,,,,,,
ksweep_run,Pubmed,eigenvector,,,,,,,,6,0,0.91,0.9166,,,,,,,,,
ksweep_run,Pubmed,eigenvector,,,,,,,,6,1,0.9183,0.9155,,,,,,,,,
ksweep_run,Pubmed,eigenvector,,,,,,,,6,2,0.922,0.913,,,,,,,,,
ksweep_run,Pubmed,eigenvector,,,,,,,,8,0,0.9134,0.9193,,,,,,,,,
ksweep_run,Pubmed,eigenvector,,,,,,,,8,1,0.9215,0.9185,,,,,,,,,
ksweep_run,Pubmed,eigenvector,,,,,,,,8,2,0.9251,0.916,,,,,,,,,
ksweep_run,Pubmed,eigenvector,,,,,,,,10,0,0.9153,0.9211,,,,,,,,,
ksweep_run,Pubmed,eigenvector,,,,,,,,10,1,0.9243,0.9215,,,,,,,,,
ksweep_run,Pubmed,eigenvector,,,,,,,,10,2,0.9226,0.9153,,,,,,,,,
ksweep_run,Pubmed,eigenvector,,,,,,,,12,0,0.9162,0.9216,,,,,,,,,
ksweep_run,Pubmed,eigenvector,,,,,,,,12,1,0.9231,0.9209,,,,,,,,,
ksweep_run,Pubmed,eigenvector,,,,,,,,12,2,0.9245,0.9171,,,,,,,,,
ksweep_run,Pubmed,eigenvector,,,,,,,,15,0,0.9229,0.9266,,,,,,,,,
ksweep_run,Pubmed,eigenvector,,,,,,,,15,1,0.9267,0.9284,,,,,,,,,
ksweep_run,Pubmed,eigenvector,,,,,,,,15,2,0.93,0.9254,,,,,,,,,
ksweep_run,Pubmed,eigenvector,,,,,,,,20,0,0.9236,0.9273,,,,,,,,,
ksweep_run,Pubmed,eigenvector,,,,,,,,20,1,0.9285,0.9308,,,,,,,,,
ksweep_run,Pubmed,eigenvector,,,,,,,,20,2,0.9298,0.9257,,,,,,,,,
ksweep_run,Pubmed,eigenvector,,,,,,,,25,0,0.9212,0.9259,,,,,,,,,
ksweep_run,Pubmed,eigenvector,,,,,,,,25,1,0.9305,0.9314,,,,,,,,,
ksweep_run,Pubmed,eigenvector,,,,,,,,25,2,0.9323,0.9259,,,,,,,,,
ksweep_run,Pubmed,eigenvector,,,,,,,,30,0,0.9241,0.9291,,,,,,,,,
ksweep_run,Pubmed,eigenvector,,,,,,,,30,1,0.9301,0.9317,,,,,,,,,
ksweep_run,Pubmed,eigenvector,,,,,,,,30,2,0.9281,0.9243,,,,,,,,,
ksweep_run,Pubmed,eigenvector,,,,,,,,2064,0,0.9676,0.97,,,,,,,,,
ksweep_run,Pubmed,eigenvector,,,,,,,,2064,1,0.9731,0.9753,,,,,,,,,
ksweep_run,Pubmed,eigenvector,,,,,,,,2064,2,0.9327,0.9275,,,,,,,,,
ksweep_mean,Cora,pagerank,,,,,,,,2,,,,0.8494666666666667,0.019050021872253388,0.8466666666666667,0.01403578759219922,,,,,
ksweep_mean,Cora,pagerank,,,,,,,,4,,,,0.8858666666666667,0.013111191148531619,0.8754,0.017421825392306012,,,,,
ksweep_mean,Cora,pagerank,,,,,,,,6,,,,0.906,0.023475732150457,0.8979,0.005629387178015017,,,,,
ksweep_mean,Cora,pagerank,,,,,,,,8,,,,0.9142666666666667,0.024596205669438792,0.9095333333333333,0.00703230640212256,,,,,
ksweep_mean,Cora,pagerank,,,,,,,,10,,,,0.9198666666666667,0.026911769420336004,0.9215,0.005386093203798087,,,,,
ksweep_mean,Cora,pagerank,,,,,,,,12,,,,0.9257333333333333,0.02508990500845575,0.9257333333333333,0.012320849537809205,,,,,
ksweep_mean,Cora,pagerank,,,,,,,,15,,,,0.9334666666666667,0.020159447743758586,0.9327,0.011322102278287382,,,,,
ksweep_mean,Cora,pagerank,,,,,,,,20,,,,0.9376,0.017586074036009286,0.9382666666666667,0.008205079727420935,,,,,
ksweep_mean,Cora,pagerank,,,,,,,,25,,,,0.9421333333333334,0.01611221069044636,0.9463333333333334,0.009111714072189343,,,,,
ksweep_mean,Cora,pagerank,,,,,,,,30,,,,0.9457,0.01613412532491304,0.9525,0.008250454532933302,,,,,
ksweep_mean,Cora,pagerank,,,,,,,,283,,,,0.9682,0.011641305768684218,0.9725333333333334,0.004340890845590706,,,,,
ksweep_mean,Cora,betweenness,,,,,,,,2,,,,0.8496,0.018559903016988004,0.8453333333333334,0.016641013590924483,,,,,
ksweep_mean,Cora,betweenness,,,,,,,,4,,,,0.8805666666666666,0.024114794905479395,0.8774333333333334,0.014214194783150138,,,,,
ksweep_mean,Cora,betweenness,,,,,,,,6,,,,0.9068333333333334,0.019708965810852002,0.9005333333333333,0.00565184335711219,,,,,
ksweep_mean,Cora,betweenness,,,,,,,,8,,,,0.9168333333333333,0.02174151175363232,0.9118333333333334,0.00921212968500409,,,,,
ksweep_mean,Cora,betweenness,,,,,,,,10,,,,0.9260666666666667,0.021542593468134988,0.9186666666666666,0.0007767453465154411,,,,,
ksweep_mean,Cora,betweenness,,,,,,,,12,,,,0.9317333333333334,0.02155326734704818,0.9265,0.007514652353901689,,,,,
ksweep_mean,Cora,betweenness,,,,,,,,15,,,,0.9387333333333333,0.020709981490415034,0.9357333333333333,0.0045092497528228985,,,,,
ksweep_mean,Cora,betweenness,,,,,,,,20,,,,0.9476,0.016691015547293707,0.9434333333333333,0.004346646216720839,,,,,
ksweep_mean,Cora,betweenness,,,,,,,,25,,,,0.9499666666666666,0.017053543131365173,0.9425333333333333,0.002695057204092948,,,,,
ksweep_mean,Cora,betweenness,,,,,,,,30,,,,0.9514,0.01671795442032307,0.9478666666666666,0.006504101270224305,,,,,
ksweep_mean,Cora,betweenness,,,,,,,,280,,,,0.9653,0.009901515035589238,0.9699,0.00337786915081092,,,,,
ksweep_mean,Cora,closeness,,,,,,,,1,,,,0.6973,0.006296030495478877,0.6686333333333333,0.02467576408813583,,,,,
ksweep_mean,Cora,closeness,,,,,,,,2,,,,0.6984666666666667,0.007023057263993559,0.6673,0.022413388855770995,,,,,
ksweep_mean,Cora,closeness,,,,,,,,4,,,,0.6986333333333333,0.010488247390929222,0.6716666666666666,0.02395878405373137,,,,,
ksweep_mean,Cora,closeness,,,,,,,,6,,,,0.6992,0.011424097338520916,0.6733,0.024027692356945164,,,,,
ksweep_mean,Cora,closeness,,,,,,,,8,,,,0.7021999999999999,0.008591274643497305,0.6758333333333333,0.026119788156363993,,,,,
ksweep_mean,Cora,closeness,,,,,,,,10,,,,0.7010000000000001,0.009865089964110844,0.6751333333333334,0.026294549498581163,,,,,
ksweep_mean,Cora,closeness,,,,,,,,12,,,,0.7068666666666666,0.003914502948438441,0.6774,0.025165651193640927,,,,,
ksweep_mean,Cora,closeness,,,,,,,,15,,,,0.7059666666666666,0.005675679107678063,0.6778333333333333,0.02365297726150628,,,,,
ksweep_mean,Cora,closeness,,,,,,,,20,,,,0.7102999999999999,0.008931405264570643,0.6811,0.022342112702249072,,,,,
ksweep_mean,Cora,closeness,,,,,,,,25,,,,0.7127666666666667,0.005635896852616564,0.6783,0.030738087123306803,,,,,
ksweep_mean,Cora,closeness,,,,,,,,30,,,,0.7181666666666666,0.004428694314731334,0.6953666666666667,0.021752317884155086,,,,,
ksweep_mean,Cora,eigenvector,,,,,,,,2,,,,0.8203666666666667,0.013514560049566275,0.7948333333333333,0.021723336146488508,,,,,
ksweep_mean,Cora,eigenvector,,,,,,,,4,,,,0.8447333333333333,0.014781858250346358,0.8173333333333334,0.01234355432334351,,,,,
ksweep_mean,Cora,eigenvector,,,,,,,,6,,,,0.8456,0.012474373731775047,0.8190666666666667,0.011842437812094838,,,,,
ksweep_mean,Cora,eigenvector,,,,,,,,8,,,,0.8489,0.012601190419956325,0.8255333333333333,0.01333579144008082,,,,,
ksweep_mean,Cora,eigenvector,,,,,,,,10,,,,0.8445333333333334,0.014921907831551989,0.8233666666666667,0.012875299349270801,,,,,
ksweep_mean,Cora,eigenvector,,,,,,,,12,,,,0.8512000000000001,0.01664962462039309,0.8246666666666667,0.009671780256671128,,,,,
ksweep_mean,Cora,eigenvector,,,,,,,,15,,,,0.8503333333333334,0.016662632845181876,0.8272666666666667,0.011971772355559284,,,,,
ksweep_mean,Cora,eigenvector,,,,,,,,20,,,,0.8509333333333333,0.014907157117751655,0.8284666666666667,0.009910768554119953,,,,,
ksweep_mean,Cora,eigenvector,,,,,,,,25,,,,0.7852,0.11067086337424137,0.7664,0.12401520068120685,,,,,
ksweep_mean,Cora,eigenvector,,,,,,,,30,,,,0.8512000000000001,0.021266170318136726,0.8271999999999999,0.014531689509482387,,,,,
ksweep_mean,Cora,eigenvector,,,,,,,,381,,,,0.9065333333333333,0.07793525090312688,0.8987666666666667,0.0710847616112858,,,,,
ksweep_mean,Citeseer,pagerank,,,,,,,,2,,,,0.7963333333333333,0.012870249932823086,0.8154,0.020347235684485484,,,,,
ksweep_mean,Citeseer,pagerank,,,,,,,,4,,,,0.8088333333333333,0.014600456613864287,0.8249666666666666,0.018072170133476877,,,,,
ksweep_mean,Citeseer,pagerank,,,,,,,,6,,,,0.8346666666666667,0.01624263935859354,0.8402999999999999,0.015834140330311625,,,,,
ksweep_mean,Citeseer,pagerank,,,,,,,,8,,,,0.8364666666666667,0.013507898923716254,0.8422666666666667,0.01676315403894311,,,,,
ksweep_mean,Citeseer,pagerank,,,,,,,,10,,,,0.8436,0.011361778029868399,0.8506,0.013284201142710826,,,,,
ksweep_mean,Citeseer,pagerank,,,,,,,,12,,,,0.8607333333333334,0.009225146791966735,0.8669333333333333,0.008619938128161513,,,,,
ksweep_mean,Citeseer,pagerank,,,,,,,,15,,,,0.8698666666666667,0.007046512139585985,0.8742,0.006963476143421487,,,,,
ksweep_mean,Citeseer,pagerank,,,,,,,,20,,,,0.8853666666666666,0.009519628844305515,0.8837,0.00890842298052806,,,,,
ksweep_mean,Citeseer,pagerank,,,,,,,,25,,,,0.8935,0.006481512169239547,0.8913666666666666,0.00459601276470524,,,,,
ksweep_mean,Citeseer,pagerank,,,,,,,,30,,,,0.8980333333333334,0.0071842420152256345,0.8955666666666666,0.0065431898439013165,,,,,
ksweep_mean,Citeseer,pagerank,,,,,,,,376,,,,0.9658333333333333,0.0045456939330902136,0.9575,0.0019467922333931524,,,,,
ksweep_mean,Citeseer,betweenness,,,,,,,,2,,,,0.7044666666666667,0.015044378795195691,0.7184,0.02349106213009537,,,,,
ksweep_mean,Citeseer,betweenness,,,,,,,,4,,,,0.7722333333333333,0.006900966115938664,0.7980333333333334,0.019986328660695336,,,,,
ksweep_mean,Citeseer,betweenness,,,,,,,,6,,,,0.8162666666666667,0.0192302712756043,0.8297666666666667,0.017992868957821376,,,,,
ksweep_mean,Citeseer,betweenness,,,,,,,,8,,,,0.8323333333333334,0.017652572994703453,0.8395666666666667,0.010863854441832911,,,,,
ksweep_mean,Citeseer,betweenness,,,,,,,,10,,,,0.8459,0.018710424901642424,0.8492999999999999,0.010801851693112619,,,,,
ksweep_mean,Citeseer,betweenness,,,,,,,,12,,,,0.8525333333333334,0.014588465763517923,0.8503000000000001,0.014228141129465901,,,,,
ksweep_mean,Citeseer,betweenness,,,,,,,,15,,,,0.8597333333333333,0.01573350988601505,0.8611000000000001,0.01793850606934702,,,,,
ksweep_mean,Citeseer,betweenness,,,,,,,,20,,,,0.8688333333333333,0.015210960960219849,0.8676666666666666,0.010179554672643261,,,,,
ksweep_mean,Citeseer,betweenness,,,,,,,,25,,,,0.8833,0.010058329881247698,0.8806,0.011199999999999965,,,,,
ksweep_mean,Citeseer,betweenness,,,,,,,,30,,,,0.8903,0.014058449416631971,0.8842666666666666,0.00885117694622211,,,,,
ksweep_mean,Citeseer,betweenness,,,,,,,,363,,,,0.9492666666666667,0.0037634204300520772,0.9402666666666667,0.0023115651263447474,,,,,
ksweep_mean,Citeseer,closeness,,,,,,,,1,,,,0.6156666666666667,0.02619968193191158,0.6263,0.010392785959500954,,,,,
ksweep_mean,Citeseer,closeness,,,,,,,,2,,,,0.6359333333333334,0.029651363094018713,0.638,0.014050266901379496,,,,,
ksweep_mean,Citeseer,closeness,,,,,,,,4,,,,0.6374666666666666,0.029576060138790175,0.6400333333333333,0.013259084935746296,,,,,
ksweep_mean,Citeseer,closeness,,,,,,,,6,,,,0.6360333333333333,0.033253922074446114,0.6367,0.014980320423809382,,,,,
ksweep_mean,Citeseer,closeness,,,,,,,,8,,,,0.6386333333333333,0.028723567559294144,0.635,0.018938848961856127,,,,,
ksweep_mean,Citeseer,closeness,,,,,,,,10,,,,0.6404666666666666,0.029323426357322803,0.6405666666666666,0.013206564024504382,,,,,
ksweep_mean,Citeseer,closeness,,,,,,,,12,,,,0.6396000000000001,0.032104361074470886,0.6390666666666667,0.011833990592075601,,,,,
ksweep_mean,Citeseer,closeness,,,,,,,,15,,,,0.6438,0.03199890623130738,0.6390333333333333,0.018311835881017865,,,,,
ksweep_mean,Citeseer,closeness,,,,,,,,20,,,,0.6430333333333333,0.03173977525650324,0.6442333333333333,0.01597132847741018,,,,,
ksweep_mean,Citeseer,closeness,,,,,,,,25,,,,0.6497,0.030016162312993987,0.6474333333333333,0.01850954708612106,,,,,
ksweep_mean,Citeseer,closeness,,,,,,,,30,,,,0.6577666666666666,0.02239471663882653,0.6515666666666667,0.015580864332036705,,,,,
ksweep_mean,Citeseer,eigenvector,,,,,,,,2,,,,0.7731,0.02122474970406012,0.7747,0.01500399946680887,,,,,
ksweep_mean,Citeseer,eigenvector,,,,,,,,4,,,,0.7762666666666667,0.01813321078389964,0.7794,0.010399999999999977,,,,,
ksweep_mean,Citeseer,eigenvector,,,,,,,,6,,,,0.7797666666666667,0.015171464442608487,0.7792,0.010289314845994388,,,,,
ksweep_mean,Citeseer,eigenvector,,,,,,,,8,,,,0.7867666666666666,0.01653854084655997,0.7840333333333334,0.010791817888258356,,,,,
ksweep_mean,Citeseer,eigenvector,,,,,,,,10,,,,0.7844333333333333,0.01727927467613537,0.7839333333333334,0.010969199302288802,,,,,
ksweep_mean,Citeseer,eigenvector,,,,,,,,12,,,,0.7862333333333333,0.017898975762130436,0.7847000000000001,0.010004498987955362,,,,,
ksweep_mean,Citeseer,eigenvector,,,,,,,,15,,,,0.7876333333333333,0.018946591602009403,0.7839666666666667,0.012306637775336235,,,,,
ksweep_mean,Citeseer,eigenvector,,,,,,,,20,,,,0.7898333333333334,0.024348579698482076,0.7863,0.007373601562330336,,,,,
ksweep_mean,Citeseer,eigenvector,,,,,,,,25,,,,0.7910666666666667,0.022039585598040045,0.7970666666666667,0.009383673765286881,,,,,
ksweep_mean,Citeseer,eigenvector,,,,,,,,30,,,,0.7927333333333333,0.024158090432261643,0.7962333333333333,0.012330990768520348,,,,,
ksweep_mean,Citeseer,eigenvector,,,,,,,,363,,,,0.8693333333333333,0.01909589833795029,0.8599333333333333,0.012993203351496244,,,,,
ksweep_mean,Pubmed,pagerank,,,,,,,,2,,,,0.9093333333333333,0.006066575090883938,0.911,0.005859180830116133,,,,,
ksweep_mean,Pubmed,pagerank,,,,,,,,4,,,,0.9298666666666666,0.003271594921950636,0.9303,0.006823488843692795,,,,,
ksweep_mean,Pubmed,pagerank,,,,,,,,6,,,,0.9337,0.0024979991993593774,0.935,0.004670117771534233,,,,,
ksweep_mean,Pubmed,pagerank,,,,,,,,8,,,,0.9474666666666667,0.004118656738954289,0.9481666666666667,0.0018717193521822185,,,,,
ksweep_mean,Pubmed,pagerank,,,,,,,,10,,,,0.9513,0.00308058436014989,0.9521,0.002946183972531243,,,,,
ksweep_mean,Pubmed,pagerank,,,,,,,,12,,,,0.9540666666666666,0.001050396750439244,0.9546333333333333,0.004600362304572736,,,,,
ksweep_mean,Pubmed,pagerank,,,,,,,,15,,,,0.9561333333333334,0.001357694123627732,0.9566666666666667,0.0029838453936712464,,,,,
ksweep_mean,Pubmed,pagerank,,,,,,,,20,,,,0.9619333333333334,0.0015176736583776304,0.9626,0.004107310555582601,,,,,
ksweep_mean,Pubmed,pagerank,,,,,,,,25,,,,0.963,0.0046604720790924285,0.9628,0.006873863542433791,,,,,
ksweep_mean,Pubmed,pagerank,,,,,,,,30,,,,0.9685666666666667,0.0005033222956847127,0.9684333333333333,0.0033080709383768183,,,,,
ksweep_mean,Pubmed,pagerank,,,,,,,,2685,,,,0.9568,0.04080600446012819,0.9528,0.04185773524690512,,,,,
ksweep_mean,Pubmed,betweenness,,,,,,,,2,,,,0.9071666666666667,0.00864310900853003,0.9091333333333333,0.004479211240088327,,,,,
ksweep_mean,Pubmed,betweenness,,,,,,,,4,,,,0.9274,0.004812483766206409,0.9294,0.006298412498399929,,,,,
ksweep_mean,Pubmed,betweenness,,,,,,,,6,,,,0.9322666666666667,0.002939954648176252,0.9315,0.0028160255680657283,,,,,
ksweep_mean,Pubmed,betweenness,,,,,,,,8,,,,0.9427666666666666,0.0018230011885167375,0.9439666666666666,0.0029737742572921366,,,,,
ksweep_mean,Pubmed,betweenness,,,,,,,,10,,,,0.9497666666666666,0.0038030689361794627,0.9509333333333333,0.005732654998631378,,,,,
ksweep_mean,Pubmed,betweenness,,,,,,,,12,,,,0.9524333333333334,0.0006658328118479938,0.9531666666666667,0.0025006665778014524,,,,,
ksweep_mean,Pubmed,betweenness,,,,,,,,15,,,,0.9543666666666667,0.0013316656236958598,0.9555666666666667,0.003647373484212074,,,,,
ksweep_mean,Pubmed,betweenness,,,,,,,,20,,,,0.9622666666666667,0.0020550750189064467,0.9637666666666667,0.003300505011863053,,,,,
ksweep_mean,Pubmed,betweenness,,,,,,,,25,,,,0.9667666666666667,0.0016862186493255705,0.9669333333333333,0.003156474826976035,,,,,
ksweep_mean,Pubmed,betweenness,,,,,,,,30,,,,0.9696333333333333,0.0007767453465154246,0.9689666666666666,0.0032192131543800615,,,,,
ksweep_mean,Pubmed,betweenness,,,,,,,,2083,,,,0.9784666666666667,0.0007571877794400166,0.9761,0.002128379665379321,,,,,
ksweep_mean,Pubmed,closeness,,,,,,,,2,,,,0.889,0.008920201791439453,0.8927666666666666,0.00441852162304695,,,,,
ksweep_mean,Pubmed,closeness,,,,,,,,4,,,,0.8890666666666667,0.008979049689879929,0.8927666666666666,0.004561067126598042,,,,,
ksweep_mean,Pubmed,closeness,,,,,,,,6,,,,0.8891,0.00900666419935813,0.8927666666666666,0.004461315202194686,,,,,
ksweep_mean,Pubmed,closeness,,,,,,,,8,,,,0.8890333333333333,0.008951163797704347,0.8925666666666666,0.004361574639202396,,,,,
ksweep_mean,Pubmed,closeness,,,,,,,,10,,,,0.8890666666666667,0.009151138362702952,0.8927333333333334,0.0046822359331129115,,,,,
ksweep_mean,Pubmed,closeness,,,,,,,,12,,,,0.8891333333333333,0.009122134253196043,0.8925,0.003950949253027691,,,,,
ksweep_mean,Pubmed,closeness,,,,,,,,15,,,,0.8892,0.009093404203047354,0.8928,0.004629254799641131,,,,,
ksweep_mean,Pubmed,closeness,,,,,,,,20,,,,0.8892,0.009007219326740049,0.8924333333333333,0.004854207796678362,,,,,
ksweep_mean,Pubmed,closeness,,,,,,,,25,,,,0.9181,0.0071965269401288385,0.9190333333333333,0.006902415036299489,,,,,
ksweep_mean,Pubmed,closeness,,,,,,,,30,,,,0.9281333333333334,0.004576388678131864,0.9291666666666667,0.005293706955747869,,,,,
ksweep_mean,Pubmed,closeness,,,,,,,,1909,,,,0.9619333333333333,0.022979411074553965,0.9633333333333334,0.021862372545845336,,,,,
ksweep_mean,Pubmed,eigenvector,,,,,,,,2,,,,0.9206333333333333,0.006232442004008843,0.9194,0.004942671342502924,,,,,
ksweep_mean,Pubmed,eigenvector,,,,,,,,4,,,,0.9182666666666667,0.0077796743719344185,0.9168666666666666,0.0031342197327777284,,,,,
ksweep_mean,Pubmed,eigenvector,,,,,,,,6,,,,0.9167666666666667,0.006145187819207266,0.9150333333333334,0.0018448125469361946,,,,,
ksweep_mean,Pubmed,eigenvector,,,,,,,,8,,,,0.92,0.0059924953066314715,0.9179333333333334,0.0017214335111566934,,,,,
ksweep_mean,Pubmed,eigenvector,,,,,,,,10,,,,0.9207333333333333,0.004781561809004806,0.9193,0.0034698703145794965,,,,,
ksweep_mean,Pubmed,eigenvector,,,,,,,,12,,,,0.9212666666666667,0.004443347086750401,0.9198666666666667,0.0024214320831551874,,,,,
ksweep_mean,Pubmed,eigenvector,,,,,,,,15,,,,0.9265333333333333,0.0035529330606322014,0.9268,0.0015099668870541527,,,,,
ksweep_mean,Pubmed,eigenvector,,,,,,,,20,,,,0.9273,0.0032695565448543594,0.9279333333333333,0.002608320021265275,,,,,
ksweep_mean,Pubmed,eigenvector,,,,,,,,25,,,,0.928,0.005957348403442586,0.9277333333333333,0.003175426480542977,,,,,
ksweep_mean,Pubmed,eigenvector,,,,,,,,30,,,,0.9274333333333333,0.003055050463303896,0.9283666666666667,0.0037541088600802756,,,,,
ksweep_mean,Pubmed,eigenvector,,,,,,,,2064,,,,0.9578,0.021910499766093886,0.9576,0.026201717500957813,,,,,
ksweep_summary,Cora,pagerank,283,,,,,,,,,,,,,,,283,0.9725333333333334,0.9725333333333334,0.0,✓
ksweep_summary,Cora,betweenness,280,,,,,,,,,,,,,,,280,0.9699,0.9699,0.0,✓
ksweep_summary,Cora,closeness,1,,,,,,,,,,,,,,,30,0.6686333333333333,0.6953666666666667,0.026733333333333387,x
ksweep_summary,Cora,eigenvector,381,,,,,,,,,,,,,,,381,0.8987666666666667,0.8987666666666667,0.0,✓
ksweep_summary,Citeseer,pagerank,376,,,,,,,,,,,,,,,376,0.9575,0.9575,0.0,✓
ksweep_summary,Citeseer,betweenness,363,,,,,,,,,,,,,,,363,0.9402666666666667,0.9402666666666667,0.0,✓
ksweep_summary,Citeseer,closeness,1,,,,,,,,,,,,,,,30,0.6263,0.6515666666666667,0.02526666666666677,x
ksweep_summary,Citeseer,eigenvector,363,,,,,,,,,,,,,,,363,0.8599333333333333,0.8599333333333333,0.0,✓
ksweep_summary,Pubmed,pagerank,2685,,,,,,,,,,,,,,,30,0.9528,0.9684333333333333,0.015633333333333277,x
ksweep_summary,Pubmed,betweenness,2083,,,,,,,,,,,,,,,2083,0.9761,0.9761,0.0,✓
ksweep_summary,Pubmed,closeness,1909,,,,,,,,,,,,,,,1909,0.9633333333333334,0.9633333333333334,0.0,✓
ksweep_summary,Pubmed,eigenvector,2064,,,,,,,,,,,,,,,2064,0.9576,0.9576,0.0,✓
